<?xml version="1.0" encoding="UTF-8" standalone="yes"?>
<diagram version="5" type="diagramKind" baseType="Class Diagram" abbreviation="diagramKind">
    <toolbarConfiguration>
        <baseCategory id="COMMON_ELEMENTS_STATIC" parentCategoryID="COMMON_ELEMENTS_STATIC" expandedByDefault="true"/>
        <category name="diagramKind" id="action_category_1496678944571_836991_0" expandedByDefault="true">
            <actions/>
        </category>
    </toolbarConfiguration>
    <module name="UML_Standard_Profile.mdzip" location="/Applications/cae-magicdraw-3.0.0-rc4/profiles/UML_Standard_Profile.mdzip">
        <root id="magicdraw_uml_standard_profile_v_0001"/>
    </module>
</diagram>
