<?xml version="1.0" encoding="UTF-8" standalone="yes"?>
<resourceDescriptor critical="false" date="17-06-15" description="omg model support resource 2.0,&#xA;Provider Name: omg." group="omg Resource" homePage="" id="74950" mdVersionMax="higher" mdVersionMin="17.0" name="OMG Model Support" product="OMG Model Support" restartMagicdraw="true" type="Resource">
    <version human="2.0" internal="100010" resource="1000100"/>
    <provider email="" homePage="" name="omg"/>
    <edition>Reader</edition>
    <edition>Community</edition>
    <edition>Standard</edition>
    <edition>Professional Java</edition>
    <edition>Professional C++</edition>
    <edition>Professional C#</edition>
    <edition>Professional</edition>
    <edition>Architect</edition>
    <edition>Enterprise</edition>
    <installation>
        <file from="data/defaults/data/diagrams/diagramKind/descriptor.xml" to="data/defaults/data/diagrams/diagramKind/descriptor.xml"/>
        <file from="data/DocGenUserScripts/JIRA/JIRA_script.py" to="DocGenUserScripts/JIRA/JIRA_script.py"/>
    </installation>
</resourceDescriptor>
