<?xml version="1.0" encoding="UTF-8" standalone="yes"?>
<resourceDescriptor critical="false" date="17-06-15" description="diagramKind Custom diagram 1.0,&#xA;Provider Name: omg." group="omg Resource" homePage="" id="74950" mdVersionMax="higher" mdVersionMin="17.0" name="diagramKind" product="diagramKind" restartMagicdraw="true" type="Custom diagram">
    <version human="1.0" internal="100010" resource="1000100"/>
    <provider email="" homePage="" name="omg"/>
    <edition>Reader</edition>
    <edition>Community</edition>
    <edition>Standard</edition>
    <edition>Professional Java</edition>
    <edition>Professional C++</edition>
    <edition>Professional C#</edition>
    <edition>Professional</edition>
    <edition>Architect</edition>
    <edition>Enterprise</edition>
    <installation>
        <file from="data/defaults/data/diagrams/diagramKind/descriptor.xml" to="data/defaults/data/diagrams/diagramKind/descriptor.xml"/>
    </installation>
</resourceDescriptor>
